name,lat,lng,name1,Comment,link
C:\Users\user\Documents\Jeffrey\CTARA\SEM2\TD609\Field Stay\Maps\DR\OSM tracker\2018-05-31_05-12-39\2018-05-31_05-35-05.jpg,13.41045383,80.32269269,F:/Jeffrey/TAPESTRY/Interactive Mapping/Pulicat Lake/Maps/DR/OSM tracker/2018-05-31_05-12-40/2018-05-31_05-35-05.jpg,Fishermen returning in the morning,https://lh3.googleusercontent.com/lZWZNW7vKR_XQORXU81-X4FQrLQk3aqg_3afJMhpkcln0gNtbJAGTqW7KDOfr2wd66TixYuvJRwpdYQ1qNRalKrPjVRG4Dggjcyuet96dl6xYA9KI_2oJcl1k8FmHGzOBscUgN0Q5lA_U4yL5o-Z4s2rDio455ee2sEGJNzoR4jzPhBS9GWAof9dfdjTKJ3ozq8D4ykFRZpGjXIzXCngYqEb8Afsnark3J5E7mPpguTOJs7st4IK7XE7eyjuItSsGRan94W1qVGLEHLS4aHcrerPBYh0yaKFEBrxT9a-9KIetOF0DaWROsNk6c5xMhO_0p3f8q9muV787xT-VrYdkmUArtl3Owpe3vHNnwBSveqgSY4ZTmdFUVS8FxXz7fzW8KLHbMMLQsCWkxPiNaLp74y_yO8lp64CghI9ErWpj7W6Y5_no-cyfuNOpXklkkOLDfXh7fD5i9XOM2Xm2vccGUcMRiZZkZeeeAwLbPgvCzSinqIFLsWNfsF1CRTIN3MZexibmMhhSSVodxz8p-VEQxzQMLk2t51iKW2UDJZdm-wTTyPhv7WjG1rENvJC_AFrksYa9r0FpUY0PSGAgET4WvpNZajtBLoKoeDRtlih3dm6RLFnmgQxGQAVzkARdkwYLVK5LqTrSKZBYJdFy-xqHN5ayFKdqlp6OybbkOETDDTpJ7VW2vRaoPjPcPZE=w469-h625-no?authuser=2
C:\Users\user\Documents\Jeffrey\CTARA\SEM2\TD609\Field Stay\Maps\DR\OSM tracker\2018-05-31_05-12-39\2018-05-31_05-36-25.jpg,13.40901728,80.32299256,F:/Jeffrey/TAPESTRY/Interactive Mapping/Pulicat Lake/Maps/DR/OSM tracker/2018-05-31_05-12-41/2018-05-31_05-36-25.jpg,Boat Parking spaces,https://lh3.googleusercontent.com/0kbC11E2ZDFvpNTxA9_CfVM2zNaZBkpoPejbxkTCRm_lPm4xk0pC_-1djONDYayqXZNqTF0quxY8el2Z8TXs-dp_6QkXXpZiOr5Jdk9mxYXbKg98QCDn0P4uua5e4FOPeFEaHOkM_4kBp3e6JllRx2yPL44l348l6l9JkdWXszBlrWuDrdeD9n0L8khhBq_7XG_kMiDY3xp__wXK8Eg8oY4EDsgGgXovA_EP8xtimO_UZPM7ykeA0AwhWrzOG9ku9ErUQUNelsCuzuryRurFxmMODbT7zggVBMhOfZUvF4cDQhNqVPcbmwEgrnjh0mk62zdOL3DoVX2B-Z2P6cx6gFu6CdMBJibK0Abiya-ivHYHlhjBQW3nz3ET9fg8qlen6rr8DZcNITe3ZWQEAjChZE9QDiB4tciUSpuCPuqnqQ239r-AFopIFQtqGZcjjYf1cIgPUocwvr9wA_-Vv6WnfuYXNjdpBZurEUXVQJXWiIAxVQdQptMfSgifP_LirKnJoRBAguwLMRdFWeJhSqkzadx5XO652UC42E_7MLS2Y5elYky5KufMZh-qICXt5w4i3C6MgEfi4H_j50PmkoJa5kIJ2WBvQnmVqU6TUDV_lwuKzyKSKKPi5sc4zI2lSJ7wzi6Q6kKH0fM-g3F4QNKYljm2PpVsKtVveQjDj0zhDPwQMOCLP8yf9gt630Na=w834-h625-no?authuser=2
C:\Users\user\Documents\Jeffrey\CTARA\SEM2\TD609\Field Stay\Maps\DR\OSM tracker\2018-05-31_05-12-39\2018-05-31_06-11-06.jpg,13.37621428,80.32954064,F:/Jeffrey/TAPESTRY/Interactive Mapping/Pulicat Lake/Maps/DR/OSM tracker/2018-05-31_05-12-46/2018-05-31_06-11-06.jpg,Water connecting to the shrimp farm,https://lh3.googleusercontent.com/ZETtcWpWiEvSfrB4AyvsLcujDFTYZaBJ-ySIkdF4kWVBGOKCug-NP_Zvjr_h14-Z3DhPIgegQ9PNS-nIJB905jMzD-K-Awi2ZSHju7PPYGVcopTVJ58qzhT8bYlkHR5-OnKNCa7q9sE9zlT928mUxGWU5oUOd_Fbp2uXKUE88t0buE3JLp4fH5eEXrmlmY_q8fwsTW6e-cLvVLRjKs7VspY7u0TxfBsGuFtz14-ylVgrK1GSgfb5w94nvSNLv1yIvkLXzjf2J42oUvNfu8q9J3V95f1sUxN1lyIRFyVxILO0hNyU0HZAV7pZJ9oigjRhFGGJS90qv1v3LDhydJRMA4NXAtf4diQA9jidmZXKm62NWfiQC4OCJ5Nbf7u4rZtZC5gTm1V_nxA0SKlMLlwzuFXsGT7zF0HFBfmIDNk-J1jZWy_7ZGQzOQvJGVBnMZocni68b7gZPJaxZsG9G4rUa6xorQk6joNCYZ3e3RLUOWIMFPryH0RJfkHS2M0rc3SL4yMQ-q1jnT1Ggda8Ki_UCXs0nuUWEmxe0r7fbsy891BN7J3yQFldGjaPxgOi4TCk6yMmFI4kJoFGH00r73WKJ-1xHpXRYhbsfUBhcauVW2_0b5dJXJi7pJ9VTqvUsuvlJSdOczqAtbCaHRIKWxgh7FRn9z0ai5xKixAQebI9YkzPVfHtVPZKtczWrI9U=w469-h625-no?authuser=2
C:\Users\user\Documents\Jeffrey\CTARA\SEM2\TD609\Field Stay\Maps\DR\OSM tracker\2018-05-31_05-12-39\2018-05-31_06-14-41.jpg,13.37579519,80.32852211,F:/Jeffrey/TAPESTRY/Interactive Mapping/Pulicat Lake/Maps/DR/OSM tracker/2018-05-31_05-12-47/2018-05-31_06-14-41.jpg,Lake at low tide,https://lh3.googleusercontent.com/fD3s9XRo3RKtczw8IgMztcX4kxCPNiL-bjgeELjvjluLzSh2VFCXBeluhApbrkvz1npFoJo85Xm3--O25POC2H50sfC0pQUBrQG2FbVseB6xiVTTrza5l1dxSIz3DaWWEft2P32lW_-vnQwLZdhmkQWz92m5qOzoPO2ZnR79x0FKAhTqeyViLKkTDvCHDNyBHQnexj8YOui0Drsjio93qW2CJQwLYrnfPCzgmkR3R51loCRVvFMxJEvCwGsKRqT4H0XYawdJ--IG0rWaTW5EL2zWkWjCYarzhHsSv0GVY7B9RkPCLXv7bxjo48c7ztUaBAjj1QL3n3HCnMUTiESb4amEDVNJE2dTewlfFfz8ezZVurDPEg77Xi695tnOTr8acwV-_WkDkNNxwQKjhmks7LFd3GkT9_p4ZfN0L_c2Xy7vXVTeBAl9AXV5u1hI05Jffhmmi7U-p7xauxkjzb_hH5KQz4j6uA0YVfla_23igRO_DQsl2B4Ks0I_DQPfeO5osQbhbr22Cd-2WQuvTN_HyB0ZT9RCHi2_6qCUP02b6iWnjqWViQw3_ArxyxeTs5C-MgZ9FHiyFKQHXW9bdESK2s9IbP5iOBlOYU7kvfJsP0a3egUC8yl3UDGzgalSqLHf8FgoakhTWhzBlyvWHoWO14MG48Z4aYlNqII0DtIU-Sv69WWOafNBNk1_nIZw=w469-h625-no?authuser=2
C:\Users\user\Documents\Jeffrey\CTARA\SEM2\TD609\Field Stay\Maps\DR\OSM tracker\2018-05-31_05-12-39\2018-05-31_06-15-18.jpg,13.37582753,80.32845331,F:/Jeffrey/TAPESTRY/Interactive Mapping/Pulicat Lake/Maps/DR/OSM tracker/2018-05-31_05-12-48/2018-05-31_06-15-18.jpg,Water connecting to the shrimp farm,https://lh3.googleusercontent.com/bKOEBLosD_AEooE-LggqPxE9x5t7bGIQqCe9zacDj-Mdo1OXv4TO9e88vD3Uz1LEmkyMOQMgGOLE6Gg3Uztb_scBbNgwaJWwePaqFfPRLPrZ404kN2QcL8jbUmkuhMIGJHjaQn-ZeTXkFy1df9aVjGCC7OgJO6xI1VAS7xFQwzakyj-v5CDPAMuE-NoIeigF64EaoZSvsTJPJN6T5zVh8YiTmdi3yi47XTUb3Ia0XgT_sXaFqzl4RnJHrXZ9-nNVEYG1D_4IHcNCeRMWFkXYZ2pvLWJar8Z_Ev0mpq_KZeIjOF0ShCpD68V10x649Yb_v42azjQGRMYPWur9WK5UBAw6m5-8GT6zUZsAv8P33q4TFXZTBZ74F5EC9w7PYk535xxawvO100-yY7e_JcVz_2WLsMepjLuyyaHML7hAELNQ2dMHLU4gYzyWr84b20zwDNmj8BmXKEry51fo5TeB3FYWOHlYZ6DEXP0wqEYWW0P3wLTOzPKvMm7p2482ILnQgAiU5jvhHb3zkBpTMouCHECzAfs3mj0oa8cq0YWrCyWhaPeG11qx3caV-ZLqrLSoyHdehxNt11NwAp7sZmzTQyiuotCiC0zbt4BDpoQRFnbSZRvrDpoqP0beO631s2ooRXAXQD0k3f1vCHeBzb5ydzs-Y16PRpkZ1ejYSXo9a2B3GvcMRNu4cHjQz3NI=w469-h625-no?authuser=2
C:\Users\user\Documents\Jeffrey\CTARA\SEM2\TD609\Field Stay\Maps\DR\OSM tracker\2018-05-31_05-12-39\2018-05-31_06-15-37.jpg,13.37582392,80.32844058,F:/Jeffrey/TAPESTRY/Interactive Mapping/Pulicat Lake/Maps/DR/OSM tracker/2018-05-31_05-12-49/2018-05-31_06-15-37.jpg,Leading to the shrimp farm,https://lh3.googleusercontent.com/Sncwp8Z8lPRxubGsb3sIALJUGy2JLSvAu6qJLb1cdoHmOL_yR4e9uwe9BacH75VobZ75OrYV7Enifdvf_zr3LyHEfUZNnm5gWI4xoDqf-bIxjgI92YvsDJXtZYqo7V_fyostqsofBxetOkq_x0csxbhKm_mnR6oXmKSnF6z3uQ2BNz8rAJBZJx-d4Zv0YmMGOVZQVi1ygeFdsSDJYEzJYvjUKSjkNskVfq0ksCDHAh3gxE5jqpxMTLsg_iecfsn1LH6D6J8KpWPpNw3zzZPUtMnsTeNqKAxzTaz4GcyerTvPdN7KNgJWuvMeveTMitIgocO5ZNwjFStx9g5Nq_BtJv2YsVRAUBpxuIRi3dMgjNdgurVvYjWUP2fOGsjYJ388Suuv929jTlqfnHULVN7entISPnrZ5GL84aZjb2p8yIkhagLqwaxXug71LNgrm8hNjpAaAbpxa6BwW7Vrvs298n6zB9HwA6Jn8xgaxTdSHaW5b9hH7Hy9_Wg7mSX-zThHXwfcVdJrdn0VLbAY2BfvQ1nzfvtUpynbawkHrIl4soDTB5KshYXxs49_GuzN56EFFMrwpBWaeMQzyVMqHm5KZUD1q_xZkhQDs5Sfs-aOdh1BnMPajYGKI25-RsMgFG1sEPy4udG-bPGfpErMuKjNvnqvKFE9pB0QnZo0O3SeAI3y_JlG_Si8DdLPS0Mr=w469-h625-no?authuser=2
C:\Users\user\Documents\Jeffrey\CTARA\SEM2\TD609\Field Stay\Maps\DR\OSM tracker\2018-05-31_05-12-39\2018-05-31_06-17-01.jpg,13.37579064,80.32839703,F:/Jeffrey/TAPESTRY/Interactive Mapping/Pulicat Lake/Maps/DR/OSM tracker/2018-05-31_05-12-51/2018-05-31_06-17-01.jpg,Hut of the labourer staying in the farm,https://lh3.googleusercontent.com/AuJf9ZzEmjlEAE9jec39uxeaZ3nWkL5OKlsOMSsn6hvKpFMU7c4jcqBgwnjmMHajDJYni--J42uB_WXnO0pJwtd1GrxjKYzth1UxX05NNwdct0DZpAaFbb1cE8dbcU6noo7c36BoM6kVe1HGJzoM4HyQv4BSTDncEz4jmiJKYwMpyUFMYS0wwc4cj6gUfxf0eX8lWx9isrdnmK9HmQrG_rC15-IneHpKuGzRS2jpCRQZOE6l7lXiu9oypKh3g5M09xg9ZWTbDGyHt_VyE1xoIPpAjrp9XgDDq0R9b9T5cGdLOrU1B8X1NJ8NPb8uHOKp6kLLhYjiorbrth_V12WxpTU0OVLGgLlGZre4cSS9hjIFPQbViTg9diE7dS36tMgiXfb2eK39wBeDQtiq5aAMhtiHi0M0VzV-670uEqYi_a0rNqALV63s-zbfP-_U3Rdu1KaKNdHZk3DIFKoEvIzuhI0hi69fP8Lsq9iIj3SEXhhCfHoJ2B6diLld_1Eid-KigRkse0JUdBKLWshfEhQLddumytrJo41G8Rx4ePsp7uhTlZtSua4_JMXo23fSSG8D1zQ0Rl4XjtHzSSYr49x1woD14s1hXh4tZGNyS4jBtcUHVHlj5ZCxhfRDCVDj4G0H6j2M4seXqysAdLdU0SPZtyvWiNoteIyCv1cHkQ7ELio1sGefVbgOOJXNib1p=w469-h625-no?authuser=2
C:\Users\user\Documents\Jeffrey\CTARA\SEM2\TD609\Field Stay\Maps\DR\OSM tracker\2018-05-31_05-12-39\2018-05-31_06-18-34.jpg,13.37600722,80.328098,F:/Jeffrey/TAPESTRY/Interactive Mapping/Pulicat Lake/Maps/DR/OSM tracker/2018-05-31_05-12-52/2018-05-31_06-18-34.jpg,Abandoned land with the old outlet broken,https://lh3.googleusercontent.com/YJyg1qkII6zGOYWT7LB78YNRid1_TM-8_9oRGR9dJPMH9A4fktdqqQTFkKNMWV7sSeUww97kCOcNN7WmV-g0DNH9xPZG2hif10Qcg_zK0weCn0sKhwyCzknIJsp2eNytin-c696SUEHR-nEU9lf3kvtSuiSN3dlfb6EoqFHJApnbZBI3fpoB6Wru_QPXUzGnnuhAcTdCQuhdZVrjYji2uIMs_Mo1BSy3U3yUdvpsjcQV5QFUtk7aq2b2NKE80k1wU6U-AWy6HGc4Dxg-ZHmVz7326aTTKq0f-4cSfdCQGIid16mobsHdDBAac1vb6YeZ-b9JMFWHN8l8xk7M8JOMQ5rKeebIqil68N6d_ipJSz5dfE8spVE_WZcC3y08IOrN51AEIfha-rHbohYd1v59UYFGGhvjYn9GgpK0NgwAo6vt_FtK13P1ybaDnrZE4nPZuKe_uwu_aD-Wb2ij3vAqTw98UTAJwJTot4sgrZJsKbnnnjqr-8kyqSSDDu6MeKOJGqNR-NKnGBgZ8Drign23BFoui51mAbyN28oKH661WUZsOE50tKnKWnwCmIgcvVfz-NfOOdKT9DyoICpJ-k7MTRgUw_MIx-tMtvRm28IObhW0_K1HKCMbtt8cOA7B2mIy69NhHANQKnL0NDo7rPT8BtNmeqpGSo9CEMiqXPRX_xaCjfoeMFXJoW5wQUE7=w469-h625-no?authuser=2
C:\Users\user\Documents\Jeffrey\CTARA\SEM2\TD609\Field Stay\Maps\DR\OSM tracker\2018-05-31_05-12-39\2018-05-31_06-24-31.jpg,13.37657831,80.32697378,F:/Jeffrey/TAPESTRY/Interactive Mapping/Pulicat Lake/Maps/DR/OSM tracker/2018-05-31_05-12-55/2018-05-31_06-24-31.jpg,Water outlets,https://lh3.googleusercontent.com/YmqGWvC7ROpy-fp-aOUBPEblOei14FjVEoQ132HtDkRxjGjs4hs4Ggubu4lgUYJXC0LkTb4_a4xWoHSeAoi_Fvh1sVJa24ihlnx3bvRbOBIcz2A_0XPQ5cvnCKa0NVw0eIXpRAnERqztLdPVWnqRt6WChznTTaGDgkwiuvj5wHguQCej5s1g7LitYaDDLX8TnRX_x5RGzpCihyw3mIGQw2dq-iQ5gu0EGyaTQJK2HG8YxVihQrOTB0Xj3nKuKzZCXFQt-09iQdqpfRsB2WkJSSpgVlwxSMWNRNXDk7AFY8P7bHopbMT12BEGzwmFo3M4aUSHG92qqUu5f03Xd_ePl_02PFmGVd_er5Ah1zYbqwv3is70JqfWNrQZuraiFkTCmKgsvJkEiFZlrvqttsk4ApGfbLH8-u8kzM6H4i_8tvB_BoetempYCI4W78SCQaof7sIaurAtD63c9_Y0zSgb3RzYL6pNCfQdybIWkRNYvFJ2_amElBWUFS9RhBwM8LJ-lnXVGwq6B0kDgvVROtTgsgjzmudmz0qNavRLMT2kEygJn7Z2bNdzc6KhU-JGdil6U-XTwcktdCXNXK8y4XaCN-D9QxLA0jjB8cOMkExM019suSzy7VwUM2gM0pNLhMWxbIzrWXWrY4tYZ1hPERCk_qpAy_CAZDIsGLUBGwwRTCfDBOYlxp1vuOXkTQta=w469-h625-no?authuser=2
C:\Users\user\Documents\Jeffrey\CTARA\SEM2\TD609\Field Stay\Maps\DR\OSM tracker\2018-05-31_05-12-39\2018-05-31_06-26-36.jpg,13.37651853,80.32689231,F:/Jeffrey/TAPESTRY/Interactive Mapping/Pulicat Lake/Maps/DR/OSM tracker/2018-05-31_05-12-58/2018-05-31_06-26-36.jpg,Water connecting to the lake,https://lh3.googleusercontent.com/P0A-HRn-5y_mjEhyhAqnGzYBbsTAXZPZ3-UlAJsmdRQvyEoOfKgJ9ur5zVzk80R_jk0wJHxHLxj8RpLuHzBKC398D4wQQJvhGDNijJaQSmdjit5L4Hbjk9BXWLKzZr46qBNAlZAJPPgJ7BS71wVyg93GpSZizAzZ7vT_MkDDoEqma5hpUusPQ1VHrK6BwCVePjTZP1wYHJr3uYdCMeVGdjhwzV36UTbhBf6L3GsfVc1hIlKTdSSLgH_-FbzxNjeYbKAsFD6QZfDzvcz4Tt33XjditC6Uh3TL4Zy3UHzdvpceUwK39945nkNhJ-A_HYEPbA_iTvEHQZDeFwQntRX5E_2WuemWb57n6DYcvTD9a4q8QAUSEB7B9NXBqpw5Ky2AJI955V4Izry3kgkJ8SFuBhaJWH_3An1HtoFR_9iQBZGu7snHDxLIHVQW3kHuAiVL_9h8zZWUBi34B4XO0TELbRUlyeJBpsbacEmb2O3-SrL9YN6urXHdhk-JryyKv3b8W_2v3lRtPPBjYL11wI6yaf8QxI47MXVHmlIZhS_QICO-_w67oAqRxMMM4ey6DgoLyaW5BEXjG79Cgt6DOJqEV8WFnFkdfnR8QsfV9vVMy1Xk3f8OGMgT9g2HFsKUpixYTtBOQ6UstkfgByoeWcvq-6vMjB1LH9-0dchNgzH46LcgbW66HStVikjTJJXy=w469-h625-no?authuser=2
C:\Users\user\Documents\Jeffrey\CTARA\SEM2\TD609\Field Stay\Maps\DR\OSM tracker\2018-05-31_05-12-39\2018-05-31_06-49-33.jpg,13.37480911,80.32811067,F:/Jeffrey/TAPESTRY/Interactive Mapping/Pulicat Lake/Maps/DR/OSM tracker/2018-05-31_05-12-62/2018-05-31_06-49-33.jpg,Water outlet from the farm,https://lh3.googleusercontent.com/LZqjtJrW5JiAwi4x24ZsdwKGN1Lgx6NB6cazNxrmJDgjnSxSCBn5QoKpeM6hvkVxjWwLzDNjp8BBXMqp7UiaDLmcZhysDcsq3hYVU2xUbstXhrnzA0Lg6dWkyWD1Ddp2iK4OXudLG6bvPKe-p1bwRnOEie9pNwwXAzboXLL8A6Mox7GMJH2RQ5x2vc8HikkPp2RqxbpL7ea22_FG6yZHzZbw5sXo0JwX8HReei7_VmRadsuvezErHv59hV2Kd6BhVTqpzkC-W3u5bmh7RJPZeEXy_is8GIZfSbb379u3XTw6DRM4-cagaHEudpcMnXCvuL7WpaBtC7Q_OAv7pPmTrDnwB3jvu8jqqlETxhHI71UT5zNHFP3VgaasiMQhJKAZq3yDS3FMiticOh_rZJp45xHtgGi56AbPgh98aU-5LcTLXnkhNiBRAXKDo4iKq0hLZTwJzj3fJS35Qu47NBJgeGtKZnCsmI27vUu6ZD8TGFjuIn4icPgck6JQD01P657d1PZh1UhzAl4SDZMGIMgyJC2EdQEw9_lY5CeRlCed7NMLc_sgI8LAMwRJZ3snB_lkVOSFHSK-Gs_80OUop94V7zmguzyWw-RPPpQW8c4fC6NODxchQcOAEaGV2feTXwyQt7Umm78Qw2WDdD2nfoO3yfOcTz3Z6S7Yf3fTVgD8NXEMCgwd2l2TlsCQh3Lg=w469-h625-no?authuser=2
C:\Users\user\Documents\Jeffrey\CTARA\SEM2\TD609\Field Stay\Maps\DR\OSM tracker\2018-05-31_05-12-39\2018-05-31_06-50-53.jpg,13.37378553,80.32759825,F:/Jeffrey/TAPESTRY/Interactive Mapping/Pulicat Lake/Maps/DR/OSM tracker/2018-05-31_05-12-63/2018-05-31_06-50-53.jpg,Water outlet from the farm,https://lh3.googleusercontent.com/fHAVlz5-_aQ5DxsW8WqEFmGJqFkBYdXOe8KyOdgdOnU2-o567lrngJwOtDJL-yZznuX8drl8wDVB2lmLwErHSgi1WrLTwgFT8O3WVrQNSgL6QZUKzhLcj57JDv3t4MITWCxsKRVbneEwrjndBmlp0DeXBK92MpQEaSnFdTvSY1IDgnVSwJpK065pKDJR_IMYyZQkkw1KnWDKMFuxGGF_AGQcpSLoeJWVUG3312J-zWg1hxV7bIUKVegj_dZa-InVyD5Ky7CaD9TJkDjsq_yEmRVEfWgNwRoqeR6-fYqV05a6HLhSXiN5WlUWQwzBEjipQZfi4uM1GutCAHqwz0GrVLM4hB4QO5_RpWJwoLo67REwAfsRJ5lFcdk_L_rfqlTa_MjKEuWFG382XH76gE9j_GoxlI5I43MvMRpKySp_dCjlyXWU2-Emwoq6YRmoqmoHSK8EshlM7JfE4p7RhpXBX2PLk-HDzqy1TLCvT2H4hY_L4AV7VY5Gk9k-AmZDUajsO0gbMf_Cz81DsOrBBG4bOr9o_RUvQpZaz6lU9Jic9uPPNt-YbNqqq0eWMWrUSzXP6DkKJKfenjJ0TpRjQEkMfM52tPa4wOcFJrHxXBObomlR_6_5cZb4AQXYzv1n-7cloEkyiOXbH38Wr3y9iuhoNq-txgD-RPxvBBLHFagYe8-XZ4_lzU_ZK-3MryJ3=w469-h625-no?authuser=2
C:\Users\user\Documents\Jeffrey\CTARA\SEM2\TD609\Field Stay\Maps\DR\OSM tracker\2018-05-31_05-12-39\2018-05-31_06-54-28.jpg,13.37059869,80.32753631,F:/Jeffrey/TAPESTRY/Interactive Mapping/Pulicat Lake/Maps/DR/OSM tracker/2018-05-31_05-12-67/2018-05-31_06-54-28.jpg,Birds in the morning,https://lh3.googleusercontent.com/BC-SpxUz6mcL2f-FFOenotUUjfgF_YxW4nfLooXaTr5sYEaMYy2qENr1h1Skc_m3M-klkNfl3sLssw-YwoGYY2xvt2g0fUTkG5ZI2S__Qbef1NrWI-KdR2xJX5KHRB7SYhOpLyRXw39bjKw0gT0XfBlfl6ZL0L32YmQk1z0XSVhzDwYetn0ubrL0t7o-LcvrSBsOWXLPwVZwT3QEQFA7dNCj6-AmTKm_ahay9mOIdmM9-6-asY0HCLKGbYVafAPudEDPWnfcED5s9txc5PqY2DIsBX5DVwaYQDbeOqE4a61JErG1Vfo8ow8BsR30OZi7LzVB_pp0LtTTqPOlP44VJNUV6sJ_vPBhqtvG1zfbWUk1N8Ii23XxM9DHCBbtEpEtDSmj6hTBbvfJ6dvNSPoqJ8b6DW_1idDeI7lKduUbce_ktXW4b4Or3T9nslGhI_3uEWWeG2TK-id-FSAtp4LQ0l8FCAqZP3G-XQ32LWucMit4dEYKS08_FaB_1erEX1gIqRlfzS9TfcH8jCOTXzS4fzZbg4KQp419Ej9HDNDMAwaOBsNKrBG4_y-uve41rtniD-flp00_SGg-urheMg7k_D3zrjLdD1kYd9oQPDbJx9gN1u515QD0yyuq5IvKPrUjF36BPPwPpAvIN8SGdJ-CVjESe-jKFCJj2kLmufx75DYWT0lLZX3ZpYGbezGe=w469-h625-no?authuser=2
C:\Users\user\Documents\Jeffrey\CTARA\SEM2\TD609\Field Stay\Maps\DR\OSM tracker\2018-05-31_05-12-39\2018-05-31_06-58-56.jpg,13.36652272,80.32887492,F:/Jeffrey/TAPESTRY/Interactive Mapping/Pulicat Lake/Maps/DR/OSM tracker/2018-05-31_05-12-70/2018-05-31_06-58-56.jpg,Artisanal fisher parallel to the shrimp farm,https://lh3.googleusercontent.com/ohm9kZ8W2AabCSBcUyhPeXHAYpochOmvgos-8GMx28pQJqKWdQyAFWq5p7KjX98HljNTLLztJ9C0XK8h2xJVWhZeCLfLVTnj-hKkBdEHJqSje39XgPySkGslGt5S8a01LK6KmV7krreGAi3QELRrcp-6DAg9azCoY9ozqgfSOrT_oiDZ8VkDYGdKKeyn06b56zh1TIEF_FMaN06Hb7fRlHKrydc4R97HaRX5I87-TYYH9L5VoTABwzRmZyWWIPmqFBxOyE4pf9DYXmvGsXr9dpUuNT9SIedeEvy_iD10Ul-an5uOjooHyDKIeH9zds_WtCKgRg8i38xYXIu1WZ8qyHbSuZhFGvBOCwufLAN5jBbpK3yiOEFgOBaJ2sTmA-g4F3ByLTjFU7-dAkkufkePg_XEXIp6nYLrrRUAjrWOJ7S_zjv5qAyEPiApxAqIZ7O_KGNT-khC8imO5lbQwHu85rWV_OZS2DJIlGcW7U8LTHBznb2s2STCNm2bsXMnxvg4DDQZAiTLLpij3FwOrPEderbJXRjZnB6HPeNy4TB-uRDLNEct5GMTDEbKdGcQe5lxNhQ5mwsEhhjrTDM8IddbfPmE6FN4mCCKUBSATL_X7HKonT-jymok1mExwLLnKBT8xzx8XAKO_L2UyPpDRA3R7M-4Qspg488x7Ie5uDsfLjaPWb-0LopEjwafXSba=w834-h625-no?authuser=2
C:\Users\user\Documents\Jeffrey\CTARA\SEM2\TD609\Field Stay\Maps\DR\OSM tracker\2018-05-31_05-12-39\2018-05-31_07-28-56.jpg,13.361796,80.32314881,F:/Jeffrey/TAPESTRY/Interactive Mapping/Pulicat Lake/Maps/DR/OSM tracker/2018-05-31_05-12-77/2018-05-31_07-28-56.jpg,Aerator running,https://lh3.googleusercontent.com/pFP46ycwf8J2AGPnzgoSOYiOeqKb_kgV4gk9vc6VDmp_ngxdZfzoiID6iXfcMJrcUOm2RzHJEEpD8jqSGK1HiPK0GYQlgK3VQljossZbV9Rq_wasS4CKRA--_i9dMtrrHrpGHKWWoe6HIAYf8YMD3C0NmfHsRGGuSf-XW8t038lkleVCr4fpq_jOnvGs50Uy5TMTJCpdReSL9F542UDDlVD03T67hqt1mGakY-CScvwC9vuY_-MJfJQE0OW19R0cLkMCmhTJlVwXqrelfNkr9CnwYlXq4uv_GUE9YOxCEWLakdEE1cDPUqZlp5RV89mDdZHRXdgEkFkzC8vutqWj3mk308IUovXo456qy2Tp6yoZGF0FYsiFXpU6fnrRLmCIUM1F_-JMJgFAtlnbx9SZd2iNNqe5FPNzDh6cWWx8tKo-lLA6cyFcRHDiWF38FIvZgslW0_EIscHpWNW3qHCay-39MPPvQTYWgGZIDnykKeh3zBcHdraVgMXOuNdLxtMaq7X3BP7gE662wZyMirF7m4_BOjEEZ3_tF10i_YwK0fHjvx5Eqnwv5KbyreUQ1IJnGRkovM95tU1KEqj8kX4PeUsgnoTJJIrAT9PpukpL0lo0_r8ZmM1KrYex_wt5TTRAVE0PNyWYzFmxz0nMtU__5fdmKp3pE6d7fCfj1bYMfelGSAhLVhbsHwKR0KjN=w469-h625-no?authuser=2
C:\Users\user\Documents\Jeffrey\CTARA\SEM2\TD609\Field Stay\Maps\DR\OSM tracker\2018-05-31_05-12-39\2018-05-31_07-29-34.jpg,13.36171114,80.32317611,F:/Jeffrey/TAPESTRY/Interactive Mapping/Pulicat Lake/Maps/DR/OSM tracker/2018-05-31_05-12-79/2018-05-31_07-29-34.jpg,Water from the lake pumped and stored in tank,https://lh3.googleusercontent.com/8mX8KoOZkNvtWaSoVzNkj7QRZ0C95xJLRBfQhqlduiQAiPBfT3dINROTQLFkvkPZvzkrC60Eauq35-AfYr-LCW87ejDlLvGWRzzz75UW-MzJ_tXzScUQgjtnAOYpQXBYpJjZy9gjlRvxAT1rSdYuQdA-JPWRqRwJ9gktHykDzr17l6dudN8DxNkzXR3nKgKHlvFTjDEoEO3p0cnmvbX3P7F5ZrOrOc1d7dsrgj0kBkzPnsdaxKGChjOPI8vj0IbxL5zqE0wmjS-nfJqBfLSE0wG-brUT12jAc_sMLrh3zsYOaIx_PvxloArlmDveWhvf-p3Qoous9j8oC0umGsBFMpXNnsCyv9B15JynMv2LODM-AF2HzMBkcH_GqM-Gd1lfMM8-pMOC5BnW5NygBi26WPgiGa2ugAVb_gLbIcXGyIeCDAxfQ8laGUz-DmtOSykU98XbO0plteezSKCgfr0O8VZV1eOsc8IwBZXv32UnzUZGOFgjKLfIRumyenUqWvcTp8XeuXPLmaVC-p1amfAsGMWkrgXEmfbKAaou07mOMEloVUlqQgBfcb504z2PgFV6ZDqlp1hZh4vXJZmR8Yl2f7VUai0HNU2c_Yy4oY2qvqo3HfErT1-aLMQb5W06QgxNaix7WdjMJA7GIEQT0SmbgG1rY15KU0c1weVUeytnovyBFOcwgIus8iAjzHUI=w469-h625-no?authuser=2
C:\Users\user\Documents\Jeffrey\CTARA\SEM2\TD609\Field Stay\Maps\DR\OSM tracker\2018-05-31_05-12-39\2018-05-31_07-47-47.jpg,13.36109331,80.32101786,F:/Jeffrey/TAPESTRY/Interactive Mapping/Pulicat Lake/Maps/DR/OSM tracker/2018-05-31_05-12-81/2018-05-31_07-47-47.jpg,Diseased shrimp floating on the surface: Time to Harvest!,https://lh3.googleusercontent.com/8T2IYbF9dJLl7bN7mtBXX3KbAYz3VhyijMFk_ku3Un4INmRkQ8RS7Tj1xclll-wwLQvYvcCaqXif5NF6k4WN4F5YeIvhX2nuoDvRPlCd5Tb2NmCUlcfE-RRrlYC60y5444_jUQY-dHwNlZmZh7a7y4_48HkO3GddXILcPQgSlYilfUdH68llKo42JM49M14NyW2BSUX_6nObqvWHUl-CbLGagMSEvvSn0raaxLaBcUFPliGIZEGSqIkoLu4mY5IUMT0udnGg3ejmaGaSBaGGzIrmLkqAg18cWkisENuGGlRk9MlsocfHuGAmpuLTwHi0ZI0ipzaXB3EGEQnUEsQVwnaJ1ABWD0opCDszvGsudtkxywnYHy_g2AWU9f6WxbKaG_5ZXLsO4UhkMR6Lo3BmkSKckG_NbBiSc6hZVffPdqQDlpJdoKBZlQ8hU7tT7PKa1Qyga-_wfVLOXXbowhwvqzo3_ayYlMKrkK56T8k0Ewvbs0eNL5_MAAQPKkKZC3q-rjhTXFcVrzZVCc08nfRwbBbHZL9ZIVe8wEL1Kydx2__VIvslKDGvc7TJhcrQjW0X341m4vq8fpfzJ90BSIdcxbz0VLqwjeG82Mpv6GV-P06kHHH_oq7wIlg_co3htsPjxiplAhnN89Oac46EnYjaowpVqQLNwh9tushbolDRGPTkVbj1xfjmE3ohocZk=w469-h625-no?authuser=2
C:\Users\user\Documents\Jeffrey\CTARA\SEM2\TD609\Field Stay\Maps\DR\OSM tracker\2018-05-31_05-12-39\2018-05-31_07-51-39.jpg,13.36112522,80.32103761,F:/Jeffrey/TAPESTRY/Interactive Mapping/Pulicat Lake/Maps/DR/OSM tracker/2018-05-31_05-12-82/2018-05-31_07-51-39.jpg,Water released directly outside,https://lh3.googleusercontent.com/pE4Ynkg0urJOLAcgh0bYMSIEopOLIizs9xJuGchYVSoM2doALscoGpEvIkFX2fzv7m4R1cWFvD8mqC6wqCkdnC714Lwv-B_fM6QmYup4DzP8E9OE3gCaseTpEE7kzV0R_3Z3-m1xnarJZFODijxDDgLCvPw2ZAiPxHqZ1YUngsg6n3Oub19fYGSRWvyJWJlvynT7q_Un-Txc6i3bobY6UyCHvJHxH2bcOvFQpRAHccBU1DRWTUekiUkRlLDqkJO-2MK6-CWse2INPvSH2KcNTmlMN56oXDzlmDJ7m5miCiw1utpHkame3Hm27Zo3c3HmMdP9k20V5ukpeVGZFsXZldwkIc997czEUZ0a0rZAGxcOltF-6XIclSEsPxX9zwM1ejZt07dEFiklzOZfbiBENwPVgEVYH-e4hkFxN45z0Zfa3PyFbGbvr8S4U7B5WiSpiqq5anoNr0Gxqgxzwz24xXhcqYLr7Zd2GAkoJCI-ovTDlUWXoGq5u8dd-YVRj-8bLOhdaGAYQiIyaztuL3BV6uQZvOFCr7mUJIbE9HKxslBmRxaXvGCszsdstTmDotm5W9MlU0GtDoParwh_p3b71nJOJZTvefB4v_igiDraAQMQhcDi8jTZtKPdXNGUfpvcHdAnvbfM4E7TdgMkJNOQwllw8EuXuLsrg0g3HBcHkyIDjKJG82qhqATK5Vz1=w469-h625-no?authuser=2
C:\Users\user\Documents\Jeffrey\CTARA\SEM2\TD609\Field Stay\Maps\DR\OSM tracker\2018-05-31_05-12-39\2018-05-31_08-07-47.jpg,13.36101372,80.32220328,F:/Jeffrey/TAPESTRY/Interactive Mapping/Pulicat Lake/Maps/DR/OSM tracker/2018-05-31_05-12-83/2018-05-31_08-07-47.jpg,Organic content from the effluent,https://lh3.googleusercontent.com/PsfUe6lgo17YvUDFBeV83C9c42-AjuNsOJ5v01tI9rR6xnHi_hzd17Fjrlzba038p-sFHur_DRdgJnKM_hmlZ35RVvD0DbjNKJeRbQqviSHfUlqJ3oUXBWZdxuAQZpDN6ca8N2vqoWBKkgiV_7A-mpU8exE2YtvYeBezAHXHGe00t7VWB3y615Nirn5T5Atgp-Vq6SuKgEan9jnZDO6i6VkmJMdFFN13oTS1gQxRODbsUzlvWBJBQ0zO83WpQ6BHeLvL1C1H2LeezEn365uq2nZqnPkONjL3lsY49tlKvexYN-NFt-25kDd7GmcbPwBQWymqcaVojp-hwYffIYbsB8r6EaytnAI7l28epJqGFovqLcxo5pGs1Z3a-woJLQ06fo3ECrYMxiTI6xGx38ziV8eEp2xkKXJGDUZF0O2ERC1dGxp-glSlr-cOGtGkDfu60GD6-QaYpBodN8Q6wA9fg_9AeVxjU7e5OLsET_dfuHzeQ9EFY_w3iAmfNaumQbNfN4Q7p1HBqes8xR5qbMUiHc0GfzqWoACd2HVnefeQd0wSKFAoMk5zoSL63ILjsXHXMFlFPBHYvlJrLSJCYtZdmpA-6weL0AIhl4TdOWXuTJBHb35R0icyoB9uuDfari_UPRDWgBf6CJRHlMxw8EsBn-s4ug5OlaJJcj3JKz-X1rBjSb4f3lUhvLNwpEtS=w469-h625-no?authuser=2
C:\Users\user\Documents\Jeffrey\CTARA\SEM2\TD609\Field Stay\Maps\DR\OSM tracker\2018-05-31_05-12-39\2018-05-31_08-11-47.jpg,13.36083228,80.32279389,F:/Jeffrey/TAPESTRY/Interactive Mapping/Pulicat Lake/Maps/DR/OSM tracker/2018-05-31_05-12-84/2018-05-31_08-11-47.jpg,Shrimp Feed bags and labourer,https://lh3.googleusercontent.com/2afsnPqLnLsBk1dSTUg87EWMy_a-Ev9n0vjw4ufr7cJPup58A1Db9O2ZBIgN-gHoYJfKc-qW0ED4GB-vSi2zihPTcHakOhkoGHa4OfQBOzE_1Yl5xAR8Ia5swKBAyS5We6TAh-Oiecspd3C47lJglTnJ9-am9uk-jTknsPuIjYGtojp2fgh4qRDYBXKwKpe3awRkZZcfrmcBX-CtafFX7yMLCcTr4EzGO6Mb2Xaabiwy36yaBitNbVqJgsKNNgT4-MfRnsnGVISMnTqejcFJU64yep7mVv_cCqa6t_OMZtWhUQRWVUvIb872Av13ujE4h3eVh9WY9nYHOcS7EPXLYX9cGyCA6sOAYwMuRVkVjwGVHNF7jUKIgEgyBuTq9ey0Gat8iKUmc9od8Wz_A6TfW4mH3lAIADlANwbr655qLi8G_1uFBdgrSUB64le35b-6AMQ-JLEAOJQ2rAkYeNvyCYAU01MI-tMgBuZe_oK4sms9hvDdCEtSpNSv96ZCx7Mg4bp6SsT9u4G6A7kLaXJMu69IKo4Rd9rio61nJrk-mzBtx-qz4TOeQ_oo9vMLUgGstoQNnWtEuWrZah5wOwnz5gEe8oLliK771I6XgUwPnNgy0wYGs6M3ri4rd5zO3QX-KwHpYmaTmbZW1-6G30oh5KxvZi3mWpvMnOPJo_eMLd-qDmlxl02h406fROIB=w469-h625-no?authuser=2
